{
  "dqn": {
    "rewards": [
      510.921501706468,
      139.8329113924067,
      183.75384615384166,
      -89.7519519519523,
      419.7132616487345
    ],
    "mean": 232.89391378989973,
    "std": 213.24927173236358,
    "completion_rate": 0.0
  },
  "neat": {
    "rewards": [
      367.9487179487142,
      596.3696369636874,
      277.30061349692886,
      548.2758620689544,
      691.8088737201222
    ],
    "mean": 496.3407408396814,
    "std": 151.90386221358298,
    "completion_rate": 20.0
  },
  "ppo": {
    "rewards": [
      992.3636042402726,
      822.7799227799018,
      353.28719723181797,
      279.66101694914124,
      399.9999999999822
    ],
    "mean": 569.6183482402232,
    "std": 283.7072925463044,
    "completion_rate": 40.0
  },
  "random": {
    "rewards": [
      -59.595959595960345,
      -26.92307692307769,
      -28.327645051195308,
      15.079365079363942,
      -38.65030674846698
    ],
    "mean": -27.68352464786728,
    "std": 24.365269231501482,
    "completion_rate": 0.0
  }
}